Gear,sf_mean,sf_median,Response,mean_rev,med_rev,Sample
Dredge_Scallop,811158.95662,608985,29,868517,977446,219
Gillnet,135241.85393,103366,10,118901,105544,89
Handgear,22222.092556,6315,59,27652,11883,356
Longline,454977.93696,360358,4,209393,200590,23
Pot/Trap,205793.26098,154018,160,218852,146016,1345
Seine,492879.66211,78217,3,1152627,485335,19
Trawl,651043.18702,404710.5,29,682953,560864,188
