Gear,sf_mean,sf_median,Response,mean_rev,med_rev,Sample
Gillnet,140237.60674,111515,9,125915,111515,89
Handgear,22161.383068,6056,53,30947,12789,365
Longline,485626.6475,307921.165,4,229915,,24
Pot/Trap,207147.59644,154166,158,209817,144308,1347
Scallop Dredge,815122.06621,611791.5,28,905982,993348,219
Trawl,654982.664,402666.5,26,762512,636913,190
